ID,City,Position,Last Name,First Name,Incumbent,Phone,Email,Website
1,Pickering,1,Ashe,Kevin,,905.426.0996,kevin@kevinasheformayor.com,https://kevinasheformayor.com/
2,Pickering,2,Brenner,Maurice,,H: 905.831.7871 C: 416.347.8900,brenner@mauricebrenner.com,https://www.mauricebrenner.ca/
3,Pickering,3,Cook,Linda,,647.466.4193,avenger_lc@hotmail.com ,
4,Pickering,3,Strange,Gary,,,gary@garystrange.com,https://garystrange.com/
5,Pickering,4,Rodrigues,Peter,,,,
6,Pickering,5,Rajasingham,Raveena,,416.857.0846,Elect@voteRaveena.ca,
7,Pickering,6,Doody-Hamilton,Christine,1,289.980.3056,1106cdh@gmail.com ,
8,Pickering,6,McGillan,Frank,,H: 905.837.5588 M: 416.788.0295,frank@decksrus.ca  ,https://decksrus.ca/
9,Pickering,6,Sardar,Ayesha,,,ayesha.pickering@gmail.com  ,
10,Pickering,6,Turner,George David,,647.620.1957,george48.gt@gmail.com ,
11,Pickering,7,Naqvi,Ali,,289.980.8370,alinaqvi747@gmail.com,
12,Pickering,7,Sritharan,Darshan,416.836.0345,,darshansritharan@gmail.com,https://darshansri.ca/
13,Pickering,8,Cunningham,Emma,,416.993.2855,emma@emmacunningham.ca ,https://emmacunningham.ca/
14,Pickering,8,Courtis,Michael T.,,905.509.3313,mtcou@live.com ,
15,Pickering,9,McCafferty,Jim,1,905.839.8454,jamccafferty@rogers.com,
16,Ajax,10,Collier,Shaun,1,,Shaun@votecollier.com,
17,Ajax,11,Crawford, Marilyn,1,,,
18,Ajax,12,Lee,Sterling,1,365-885-7887,yourvoice4ajax@gmail.com,
19,Ajax,13,Dies,Joanne,1,905-428-8424,,
20,Ajax,14,Adaikkalam,Andras,,,andrasadaikkalam@gmail.com,
21,Ajax,14,Awan,Arshad,,416-230-4848,arshad.awan557@gmail.com,
22,Ajax,14,Tyler-Morin,Rob,1,289-314-1183,robtylermorin@gmail.com,
23,Ajax,15,Khan,Ashmeed,1,,"reelectashmeedkhan@gmail.com	",
24,Ajax,15,Jeyakumaran,Selladurai,,,jeyakumaran2@hotmail.com ,
25,Ajax,15,Khan,Azar,,647-886-6586,,
26,Ajax,16,Bower,Lisa,1,,lisabower.ward3@gmail.com,
27,Ajax,17,Edwards,Donna,1,905-683-7610,donnaedwards@bell.net,
28,Ajax,17,Rowe,Avril,,,electtrusteerowe@gmail.com,
29,Ajax,17,Syed,Waqqas,,647-999-0605,swaqqas@yahoo.com,
30,Ajax,18,Forster,Monique,1,905-767-5146,mjforster@aol.com,
31,Whitby,19,Newman,Deidre,,,,
32,Whitby,19,Roy,Elizabeth,,,,
33,Whitby,20,Leahy,Chris,1,,,
34,Whitby,20,Mulcahy,Rhonda,1,,,
35,Whitby,20,Mallula,Vasu,,,,
36,Whitby,20,Shahid,Maleeha,,,,
37,Whitby,20,Yamada,Steve,1,,,
38,Whitby,20,Sansom,Dave,,,,
39,Whitby,21,Lee,Steve,1,,,
40,Whitby,22,Thorve,Anjali,,,,
41,Whitby,22,Lopes,Lori,,,lorilopes4westward@gmail.com,
42,Whitby,23,Drumm,Joanne,1,,,
43,Whitby,23,Lundquist,Niki,,,,
44,Whitby,24,Bozinovski,Victoria,,(416) 818-9419,victoria.bozinovski@rogers.com,
45,Whitby,24,Rinella,John,,,,
46,Whitby,24,Case,PG,,,,
47,Whitby,25,Kee,Steve,,(416) 841-5669,stephen.e.kee@gmail.com,http://stevekeecommunications.ca/
48,Whitby,25,Templeton,Scott,1,(905) 442-3566,scott@re-electtempleton.ca,http://re-electtempleton.ca/
49,Whitby,25,Thatcher,Christine,1,,,
50,Whitby,25,Smale,Tyler,,,,
51,Whitby,25,Frempong,Akuah,,,,
52,Whitby,26,Hoben,Jeffrey,,,,
53,Whitby,26,De Souza,Robert,,,,
54,Oshawa,27,Carter,Dan,1,905-447-8640,PC1225@gmail.com,
55,Oshawa,27,Ingino,Joe,,905-441-2657,NEWSPAPER@OCENTRAL.COM,https://ingino.org/
56,Oshawa,29,Formuly,Ahmad Rashed,,289-600-3069,rashed_formuly@hotmail.com,
57,Oshawa,30,Marimpietri,Tito-Dante,1,905-447-9539,votetitodante@gmail.com,http://titodante.ca/
58,Oshawa,31,Giancroce,Jonathan ,,,info@jonathangiancroce.ca,http://www.jonathangiancroce.ca/
59,Oshawa,34,Kerr,Rick,1,905-434-8084,rrkerr@msn.com,http://electrickkerr.ca/
60,Oshawa,35,Dandavino,Kristine,,905-995-2847,kristinedandavino@hotmail.com,
61,Oshawa,35,Thompson,Dave ,,905-213-6445,fincadali@yahoo.com,
62,Oshawa,35,Bountrogiannis,James,,905-718-7335,jamesb.oshawa.muni@gmail.com,
63,Oshawa,36,Nicholson,Brian,1,905-434-2304,bnicholson2000@rogers.com,
64,Oshawa,36,Forbes,Todd,,289-830-5667,forbest29@yahoo.ca,
65,Oshawa,38,Jamischak,Elizabeth,,416-737-1729,elizabeth@ej4ddsb.com,https://www.ej4ddsb.com/
66,Clarington,42,Foster,Adrian,1,905-439-8613,adrianfoster@sympatico.ca,https://www.adrianfoster.ca/
67,Clarington,42,Neal,Joe,,905-242-4141,,
68,Clarington,43,Jones,Janice ,,905-449-4369,,https://www.votejanicejones.com/
69,Clarington,43,Anderson,Granville,,,granvillemediation@gmail.com,
70,Clarington,45,Livingstone,Robert ,,289-251-1003,robertmlivingstone59@gmail.com,
71,Clarington,47,Whidden,Marven,,905-449-754,marvenwhidden@gmail.com,https://votemarvenwhidden.ca/
72,Clarington,49,Abraham,Cathy ,1,905-987-1833,cathy1833@gmail.com,
73,Clarington,49,Fehr,Kyle,,,,
74,Clarington,49,Shomar,Tenzin,,647-233-8788,votetenzinshomar@gmail.com,
75,Brock,51,Smith,Ted,,705-357-2427 | 705-464-7722,tedsmith1951@yahoo.ca ,
76,Brock,51,Schummer,Walter,,705-432-8464,contact@walterschummer.ca,http://www.walterschummer.ca/
77,Brock,52,Jubb,Michael,,905-252-4487,electjubb@gmail.com ,
78,Brock,53,Frank,Peter,,705-341-1432,pfrank.BrockWard1@gmail.com ,
79,Brock,54,Doble,Claire,1,705-344-4768,,
80,Brock,55,Canavan,Angela,,705-341-6529,acanavan705@gmail.com ,
81,Brock,56,Pettingill,Cria,1,705-344-4482,criapettingill@gmail.com  ,
82,Brock,57,Campbell,Lynn,1,Phone 1 - 705 357 0013 Phone 2-  289-354 1171,lynndcampbell@bell.net,
83,Uxbridge,58,Barton,Dave,1,,,
84,Uxbridge,59,Garrod,Bruce,,,,https://brucegarrod.ca/
85,Uxbridge,60,Beach,Pamela,1,,,
86,Uxbridge,61,Molloy,Patrick,,,,
87,Uxbridge,61,Shreeve,Gordon,,,,
88,Uxbridge,62,Pickering,Zed,,,,
89,Uxbridge,63,Popp,Willie,,,,
90,Uxbridge,64,Snooks,Todd,1,,,
91,Uxbridge,64,McKenzie,Christine,,,,
92,Uxbridge,66,Damianopoulos,Richard,1,,,
93,Scugog,67,Wotten,Wilma,,905 261 6607,wilma@xplornet.ca,
94,Scugog,68,McDougall,Ian,,905 985 8000,mcdougall4scugog@gmail.com,
95,Scugog,70,Guido,Janna,1,905 441 7039,jannag7039@gmail.com,
96,Scugog,71,Rock,Robert,1,416 312 4450,robert@familiesfirstmediation.com,
97,Scugog,72,Wright,Harold,,289 385 0556,haroldwright.ward4@gmail.com,
98,Scugog,73,Finotti,Ivo,,,ivoward5@gmail.com,
99,Durham,74,Henry,John,1,905-410-2419,johnghenry@rogers.com,
100,Durham,74,Patch,Kurdil-Telt,,,kurdiltelt@outlook.com,
101,Clarington,44,Woo,Willie,,289-943-1688,williewoo4you@gmail.com,
102,Oshawa,32,Chapman,Bob,1,,bob@bobchapman.ca,
103,Oshawa,32,Lambert,Jemma,,,JemmaLambert4Oshawa@gmail.com,
104,Whitby,25,Mylavarapu,Srikanth,,,,
105,Clarington,49,Nyberg,Gail,1,416-450-3203,gailnyberg@gmail.com,
106,Pickering,4,Pickles,David,1,,,
107,Pickering,5,Kazi,Zeynab,,,zeynabk@gmail.com,